{
    "boardName": "OAK-D-POE",
    "boardRev": "R1M0E0",
    "cameraData": [
        [
            1,
            {
                "cameraType": 1,
                "distortionCoeff": [
                    0.37952178716659546,
                    0.49703341722488403,
                    -2.0605087280273438,
                    2.6669719219207764,
                    0.0,
                    0.0,
                    0.0,
                    0.0,
                    0.0,
                    0.0,
                    0.0,
                    0.0,
                    0.0,
                    0.0
                ],
                "extrinsics": {
                    "rotationMatrix": [
                        [
                            0.9998475313186646,
                            0.01745717041194439,
                            0.000362514954758808
                        ],
                        [
                            -0.01745687797665596,
                            0.9998472929000854,
                            -0.0007958590285852551
                        ],
                        [
                            -0.00037635304033756256,
                            0.0007894093287177384,
                            0.9999996423721313
                        ]
                    ],
                    "specTranslation": {
                        "x": -7.5,
                        "y": 0.0,
                        "z": 0.0
                    },
                    "toCameraSocket": 2,
                    "translation": {
                        "x": -7.613715648651123,
                        "y": 0.17690257728099823,
                        "z": -0.2769935429096222
                    }
                },
                "height": 480,
                "intrinsicMatrix": [
                    [
                        842.6341552734375,
                        0.0,
                        643.0819091796875
                    ],
                    [
                        0.0,
                        837.98779296875,
                        366.5432434082031
                    ],
                    [
                        0.0,
                        0.0,
                        1.0
                    ]
                ],
                "lensPosition": 0,
                "specHfovDeg": 71.86000061035156,
                "width": 640
            }
        ],
        [
            0,
            {
                "cameraType": 0,
                "distortionCoeff": [
                    5.318027496337891,
                    -59.093536376953125,
                    0.0028983200900256634,
                    -0.00210370309650898,
                    209.92996215820313,
                    5.180603981018066,
                    -58.29207992553711,
                    207.217529296875,
                    0.0,
                    0.0,
                    0.0,
                    0.0,
                    0.0,
                    0.0
                ],
                "extrinsics": {
                    "rotationMatrix": [
                        [
                            0.0,
                            0.0,
                            0.0
                        ],
                        [
                            0.0,
                            0.0,
                            0.0
                        ],
                        [
                            0.0,
                            0.0,
                            0.0
                        ]
                    ],
                    "specTranslation": {
                        "x": 0.0,
                        "y": 0.0,
                        "z": 0.0
                    },
                    "toCameraSocket": -1,
                    "translation": {
                        "x": 0.0,
                        "y": 0.0,
                        "z": 0.0
                    }
                },
                "height": 1080,
                "intrinsicMatrix": [
                    [
                        1563.6844482421875,
                        0.0,
                        941.97607421875
                    ],
                    [
                        0.0,
                        1561.7060546875,
                        573.2467041015625
                    ],
                    [
                        0.0,
                        0.0,
                        1.0
                    ]
                ],
                "lensPosition": 171,
                "specHfovDeg": 68.7938003540039,
                "width": 1920
            }
        ],
        [
            2,
            {
                "cameraType": 1,
                "distortionCoeff": [
                    0.39138978719711304,
                    0.43718481063842773,
                    -1.9169466495513916,
                    2.5112504959106445,
                    0.0,
                    0.0,
                    0.0,
                    0.0,
                    0.0,
                    0.0,
                    0.0,
                    0.0,
                    0.0,
                    0.0
                ],
                "extrinsics": {
                    "rotationMatrix": [
                        [
                            0.9998857975006104,
                            -0.015110142529010773,
                            -8.368887938559055e-05
                        ],
                        [
                            0.015107013285160065,
                            0.9997649192810059,
                            -0.015553333796560764
                        ],
                        [
                            0.000318682286888361,
                            0.015550293028354645,
                            0.999879002571106
                        ]
                    ],
                    "specTranslation": {
                        "x": 3.75,
                        "y": 0.0,
                        "z": 0.0
                    },
                    "toCameraSocket": 0,
                    "translation": {
                        "x": 3.726043462753296,
                        "y": 0.026505788788199425,
                        "z": -0.12589795887470245
                    }
                },
                "height": 480,
                "intrinsicMatrix": [
                    [
                        839.0643920898438,
                        0.0,
                        633.7744750976563
                    ],
                    [
                        0.0,
                        835.0372924804688,
                        370.24237060546875
                    ],
                    [
                        0.0,
                        0.0,
                        1.0
                    ]
                ],
                "lensPosition": 0,
                "specHfovDeg": 71.86000061035156,
                "width": 640
            }
        ]
    ],
    "imuExtrinsics": {
        "rotationMatrix": [
            [
                0.0,
                0.0,
                0.0
            ],
            [
                0.0,
                0.0,
                0.0
            ],
            [
                0.0,
                0.0,
                0.0
            ]
        ],
        "specTranslation": {
            "x": 0.0,
            "y": 0.0,
            "z": 0.0
        },
        "toCameraSocket": -1,
        "translation": {
            "x": 0.0,
            "y": 0.0,
            "z": 0.0
        }
    },
    "miscellaneousData": [],
    "stereoRectificationData": {
        "leftCameraSocket": 1,
        "rectifiedRotationLeft": [
            [
                1.0,
                0.0,
                0.0
            ],
            [
                0.0,
                1.0,
                0.0
            ],
            [
                0.0,
                0.0,
                1.0
            ]
        ],