{
    "boardName": "OAK-D-LITE",
    "boardRev": "R0M0E0",
    "cameraData": [
        [
            0,
            {
                "cameraType": 0,
                "distortionCoeff": [
                    89.28605651855469,
                    -6.934189319610596,
                    0.0024560713209211826,
                    0.004624365363270044,
                    -474.68463134765625,
                    89.92893981933594,
                    -21.484106063842773,
                    -439.6337585449219,
                    0.0,
                    0.0,
                    0.0,
                    0.0,
                    0.0,
                    0.0
                ],
                "extrinsics": {
                    "rotationMatrix": [
                        [
                            0.0,
                            0.0,
                            0.0
                        ],
                        [
                            0.0,
                            0.0,
                            0.0
                        ],
                        [
                            0.0,
                            0.0,
                            0.0
                        ]
                    ],
                    "specTranslation": {
                        "x": -0.0,
                        "y": -0.0,
                        "z": -0.0
                    },
                    "toCameraSocket": -1,
                    "translation": {
                        "x": 0.0,
                        "y": 0.0,
                        "z": 0.0
                    }
                },
                "height": 1080,
                "intrinsicMatrix": [
                    [
                        1503.4970703125,
                        0.0,
                        947.3190307617188
                    ],
                    [
                        0.0,
                        1499.930419921875,
                        549.5729370117188
                    ],
                    [
                        0.0,
                        0.0,
                        1.0
                    ]
                ],
                "lensPosition": 135,
                "specHfovDeg": 68.7938003540039,
                "width": 1920
            }
        ],
        [
            1,
            {
                "cameraType": 0,
                "distortionCoeff": [
                    9.230926513671875,
                    12.249547958374023,
                    0.0036418787203729153,
                    0.003746327245607972,
                    -18.579883575439453,
                    9.281476020812988,
                    11.876504898071289,
                    -18.03125762939453,
                    0.0,
                    0.0,
                    0.0,
                    0.0,
                    0.0,
                    0.0
                ],
                "extrinsics": {
                    "rotationMatrix": [
                        [
                            0.9987495541572571,
                            -0.004393636714667082,
                            -0.04980015009641647
                        ],
                        [
                            0.005319918040186167,
                            0.999815046787262,
                            0.018482699990272522
                        ],
                        [
                            0.049709733575582504,
                            -0.01872452162206173,
                            0.9985881447792053
                        ]
                    ],
                    "specTranslation": {
                        "x": -7.5,
                        "y": 0.0,
                        "z": 0.0
                    },
                    "toCameraSocket": 2,
                    "translation": {
                        "x": -7.459046840667725,
                        "y": -0.02473212033510208,
                        "z": -0.1070699542760849
                    }
                },
                "height": 480,
                "intrinsicMatrix": [
                    [
                        454.9402160644531,
                        0.0,
                        311.98223876953125
                    ],
                    [
                        0.0,
                        458.5631103515625,
                        243.37741088867188
                    ],
                    [
                        0.0,
                        0.0,
                        1.0
                    ]
                ],
                "lensPosition": 0,
                "specHfovDeg": 72.9000015258789,
                "width": 640
            }
        ],
        [
            2,
            {
                "cameraType": 0,
                "distortionCoeff": [
                    -6.277493000030518,
                    21.147602081298828,
                    0.0034120071213692427,
                    0.0024797043297439814,
                    -26.57463836669922,
                    -6.278355598449707,
                    21.098033905029297,
                    -26.462806701660156,
                    0.0,
                    0.0,
                    0.0,
                    0.0,
                    0.0,
                    0.0
                ],
                "extrinsics": {
                    "rotationMatrix": [
                        [
                            0.999891996383667,
                            0.011307206004858017,
                            0.009387630969285965
                        ],
                        [
                            -0.011311275884509087,
                            0.9999359846115112,
                            0.00038062635576352477
                        ],
                        [
                            -0.009382725693285465,
                            -0.00048677134327590466,
                            0.9999558329582214
                        ]
                    ],
                    "specTranslation": {
                        "x": 3.75,
                        "y": 0.0,
                        "z": 0.0
                    },
                    "toCameraSocket": 0,
                    "translation": {
                        "x": 3.7258052825927734,
                        "y": 0.03983131796121597,
                        "z": 0.21858955919742584
                    }
                },
                "height": 480,
                "intrinsicMatrix": [
                    [
                        452.7736511230469,
                        0.0,
                        317.5166320800781
                    ],
                    [
                        0.0,
                        455.88287353515625,
                        240.4893035888672
                    ],
                    [
                        0.0,
                        0.0,
                        1.0
                    ]
                ],
                "lensPosition": 0,
                "specHfovDeg": 72.9000015258789,
                "width": 640
            }
        ]
    ],
    "imuExtrinsics": {
        "rotationMatrix": [
            [
                0.0,
                0.0,
                0.0
            ],
            [
                0.0,
                0.0,
                0.0
            ],
            [
                0.0,
                0.0,
                0.0
            ]
        ],
        "specTranslation": {
            "x": 0.0,
            "y": 0.0,
            "z": 0.0
        },
        "toCameraSocket": -1,
        "translation": {
            "x": 0.0,
            "y": 0.0,
            "z": 0.0
        }
    },
    "miscellaneousData": [],
    "stereoRectificationData": {
        "leftCameraSocket": 1,